category,source,geography_or_scale,url,what_it_provides,api_or_access,verified,update_freq,notes
permit_feed,New York City,DOB Permit Issuance (Socrata),NYC,https://data.cityofnewyork.us/Housing-Development/DOB-Permit-Issuance/ipu4-2q9a,Permit-level records; filter via Permit/Job/Work Type + Residential flag,"Open SODA API (resource ipu4-2q9a), token optional",yes,Daily,Pair with 'DOB NOW: Build - Approved Permits' (rbx6-tga4) for DOB NOW filings.
permit_feed,Chicago,Building Permits (Socrata),Chicago,https://data.cityofchicago.org/Buildings/Building-Permits/ydr8-5enu,Citywide permits 2006-present; PERMIT_TYPE + WORK_TYPE fields,Open SODA API (ydr8-5enu),yes,Daily,No explicit commercial flag; classify from type + description.
permit_feed,Los Angeles (city),LADBS Permits Issued 2020+ (Socrata),LA city,https://data.lacity.org/City-Infrastructure-Service-Requests/Building-and-Safety-Building-Permits-Issued-from-2/pi9x-tg5x,"PERMIT_SUB_TYPE includes 'Commercial'; USE_DESC (Office, Retail, Warehouse)",Open SODA API (pi9x-tg5x),yes,Weekly,Pre-2020 permits in legacy dataset yv23-pmwf.
permit_feed,Los Angeles County,EPIC-LA Case History (ArcGIS),LA County (unincorp.),https://egis-lacounty.hub.arcgis.com/datasets/la-county-permitting-epic-la-case-history/about,Multi-department case/permit records,Open ArcGIS Hub download/REST,yes,Each business day,Commercial granularity undocumented; legacy Socrata dataset is dead.
permit_feed,San Francisco,Building Permits (Socrata),SF,https://data.sfgov.org/Housing-and-Buildings/Building-Permits/i98e-djp9,All DBI applications/issuances; Existing/Proposed Use + occupancy fields,Open SODA API (i98e-djp9),yes,Nightly,No direct commercial flag; use occupancy/use fields.
permit_feed,Seattle,Building Permits (Socrata),Seattle,https://data.seattle.gov/Built-Environment/Building-Permits/76t5-zqzr,PermitClassMapped = Residential vs Non-Residential,Open SODA API (76t5-zqzr),yes,Daily,Clean commercial filter; BLDS-style schema. Best-in-class.
permit_feed,Austin,Issued Construction Permits (Socrata),Austin,https://data.austintexas.gov/Building-and-Development/Issued-Construction-Permits/3syk-w9eu,Permit Class Mapped = Residential/Commercial + Work Class,Open SODA API (3syk-w9eu),yes,Daily,Clean commercial filter; includes trade permits.
permit_feed,Dallas,Building Permits (Socrata) - FROZEN,Dallas,https://www.dallasopendata.com/Services/Building-Permits/e7gq-4sah,Historical only (frozen Aug 2020),"Open SODA API, historical",yes,Frozen,Active permits moved to Dallas Accela Citizen Access; needs the Accela adapter.
permit_feed,Phoenix,No permit-level open data,Phoenix,https://phoenixopendata.com/dataset/phoenix-az-building-permit-data,Aggregate HUD counts only (stale 2023),CSV only,yes,Stale,Record-level data only via PDD Online Search app; scrape or skip.
permit_feed,Philadelphia,L&I Building & Zoning Permits (Carto),Philadelphia,https://opendataphilly.org/datasets/licenses-and-inspections-building-and-zoning-permits/,commercialorresidential field verified via live SQL query; scope + occupancy fields,Open Carto SQL API: phl.carto.com/api/v2/sql?q=SELECT * FROM permits,yes,Daily,Clean commercial flag; one of the best APIs tested.
permit_feed,San Antonio,Building Permits (CKAN),San Antonio,https://data.sanantonio.gov/dataset/building-permits,Permits issued + applications; type field splits commercial/residential,Open CSV + CKAN API,yes,Active (Aug 2026),Data dictionary XLSX provided.
permit_feed,San Diego,Development Permits - Approvals,San Diego,https://data.sandiego.gov/datasets/development-permits/,Accela-based DSD approvals,"Open CSV flat files (seshat.datasd.org), no query API",yes,Daily,County has separate Socrata dataset (dyzh-7eat).
permit_feed,Denver,Commercial Construction Permits (ArcGIS),Denver,https://opendata-geospatialdenver.hub.arcgis.com/items/4e2cf20443e14710bbb4311126a4362c,"Commercial-only dataset by design, from Accela",Open ArcGIS REST FeatureServer,yes,Daily,Ideal: pre-filtered commercial. Records from Jun 2015.
permit_feed,Washington DC,Building Permits in 2026 (ArcGIS),DC,https://opendata.dc.gov/datasets/DCGIS::building-permits-in-2026,"DOB feed, one dataset per year + rolling 30-day dataset",Open ArcGIS REST FeatureServer,yes,Automated,"CC-BY; some records geocode to 0,0."
permit_feed,Boston,Approved Building Permits (CKAN),Boston,https://data.boston.gov/dataset/approved-building-permits,2009-present; permittypedescr + occupancy fields,Open CSV + CKAN datastore API,yes,Daily,No single comm/res flag; classify from occupancy.
permit_feed,Columbus,Building Permits (ArcGIS),Columbus OH,https://opendata.columbus.gov/datasets/columbus::building-permits-3/about,B1_PER_TYPE = Commercial/Residential/Multi Family,"Open ArcGIS REST + CSV, CC0",yes,Nightly,"676K+ records, 2010-present. Clean commercial filter."
permit_feed,Charlotte/Mecklenburg,Building Permits (county GIS),Mecklenburg NC,https://maps.mecknc.gov/opendata/metadata/BuildingPermits.html,Permit Type incl. Commercial + occupancy classification,GIS download; no confirmed REST endpoint,yes,Weekly,"County issues countywide incl. Charlotte; county discourages redistribution, review terms."
permit_feed,Nashville,Building Permits Issued (ArcGIS),Nashville/Davidson,https://data.nashville.gov/datasets/Nashville::building-permits-issued/about,'Building Commercial ...' vs 'Building Residential ...' permit types,Open ArcGIS REST + CSV,yes,Daily,Rolling 3-year window; applications dataset also available.
permit_feed,Miami-Dade County,Building Permits Issued (ArcGIS),Miami-Dade,https://gis-mdc.opendata.arcgis.com/datasets/building-permits-issued-by-miami-dade-county-2-previous-years-to-present/about,ResidentialCommercial field (R/C) + PermitType,Open ArcGIS REST + CSV,yes,Weekly,County jurisdiction only; City of Miami has separate hub.
permit_feed,King County WA,Accela portal only (no dataset),King County (unincorp.),https://aca-prod.accela.com/kingco/Default.aspx,Interactive record search,Interactive only; no bulk/API,yes,Real-time,Use the Accela platform adapter; Seattle has its own dataset.
permit_feed,Maricopa County AZ,Permit search only (no dataset),Maricopa (unincorp.),https://www.maricopa.gov/5146/Permit-Actions-and-Activities,Weekly permit activity reports + search,Interactive; no bulk/API,yes,Weekly,Permit Viewer app blocks bots (403).
permit_feed,Fort Worth,CFW Development Permits (ArcGIS),Fort Worth,https://data.fortworthtexas.gov/datasets/CFW::cfw-development-permits-table/about,Permit_Type across building/trades,Open ArcGIS REST + CSV,yes,Hourly (business hrs),Socrata fully migrated to ArcGIS; Tarrant County publishes nothing.
permit_feed,Atlanta,All Building Permits 2019-2024 (static),Atlanta,https://dpcd-coaplangis.opendata.arcgis.com/datasets/655f985f43cc40b4bf2ab7bc73d2169b,Static Accela export with types + land use,CSV download only,yes,Static (Aug 2024),Current permits need Accela portal or Building Permit Tracker app.
permit_feed,Raleigh,Building Permits (ArcGIS),Raleigh/Wake,https://data-ral.opendata.arcgis.com/datasets/ral::building-permits/about,Permit Class / Work Class mapped res vs non-res,Open ArcGIS REST + CSV,yes,Daily,183K+ records 2000-present; mirrored on data.wake.gov.
permit_feed,Orlando,Permit Applications (Socrata),Orlando,https://data.cityoforlando.net/Permitting/Permit-Applications/ryhf-m453,Application Type = 'Commercial' vs Residential tiers,Open SODA API (ryhf-m453),yes,Daily,1.1M records; Orange County only has Fast Track search.
permit_feed,Tampa,Construction Services Dataset (CKAN),Tampa,https://opendata.tampa.gov/dataset/construction-services-dataset,"Accela CSV export, undocumented schema",CSV download,yes,Irregular,Weakest major-metro source; Hillsborough County is Accela-portal only.
permit_feed,Las Vegas,Building Permits (ArcGIS),LV city limits,https://opendataportal-lasvegas.opendata.arcgis.com/datasets/84445be9ab0740bd8a75ea8561780cc5_0,424K records with valuation + contractor detail,Open ArcGIS REST + CSV,yes,Current (Mar 2026 edit),Clark County (incl. the Strip) publishes nothing; Accela portal only.
permit_feed,Houston,Sold Permits Search (no dataset),Houston,https://www.houstonpermittingcenter.org/sold-permits-search,"Interactive search, 3-year window; ZIP-level activity reports",Interactive; no bulk/API,yes,Continuous,Biggest no-open-data metro; needs custom scraper.
permit_feed,Minneapolis,CCS Permits (ArcGIS),Minneapolis,https://opendata.minneapolismn.gov/datasets/cityoflakes::ccs-permits/about,permitType + occupancyType (SFD/MFD/Comm),"Open ArcGIS REST + CSV, CC0",yes,~Daily,402K records; county/Met Council only publish residential summaries.
permit_platform,Accela Citizen Access,"900-1,500 agencies",https://aca-prod.accela.com/{AGENCY}/Default.aspx,"Public permit record search per agency (e.g. PLACERCO, SACRAMENTO, kingco)",Construct API exists but agency-scoped OAuth; scraping needs browser headers (403s bots),yes,Real-time,"Highest-value adapter: one pattern covers Dallas, Houston-area, Clark County, King County and hundreds more."
permit_platform,Tyler EnerGov CSS,300+ governments,https://{city}-energovweb.tylerhost.net/apps/selfservice,Angular SPA over internal JSON endpoints,No public API; reverse-engineer JSON or headless browser,yes,Real-time,Public search toggle varies by jurisdiction.
permit_platform,OpenGov Permitting (ViewPoint),"2,000+ govs (all products)",https://{city}.viewpointcloud.com,React SPA public Records explorer when enabled,No public API; Cloudflare bot protection,no,Real-time,Needs browser-grade clients; verify per-city.
permit_platform,CentralSquare eTRAKiT,"~8,000 agencies (all products)",https://{host}/eTRAKiT/Search/permit.aspx,Server-rendered ASP.NET permit search where enabled,No API; scrapeable WebForms,yes,Real-time,"Per-city hostnames; e.g. cd.cstx.gov (College Station), grvlc-trk.aspgov.com (Greenville Co SC)."
permit_platform,Citizenserve,Hundreds of communities,https://www.citizenserve.com/Portal/PortalController?Action=showSearchPage&ctzPagePrefix=Portal_&installationID={id},Public permit search; numeric installationID enumerable,No API; highly scrapeable multi-tenant hosts,yes,Real-time,Docs need login but permit metadata is open.
permit_platform,Granicus SmartGov,Hundreds of agencies,https://{slug}.smartgovcommunity.com/Public/Home,Public parcel/permit lookup on shared domain,No public API; single-domain discovery easy,yes,Real-time,Consistent shared domain = easy instance discovery + one adapter.
permit_platform,MyGovernmentOnline,400+ jurisdictions,https://landing.mgoconnect.org/,"Central portal, login required to view records",No API; anonymous scraping impractical,yes,Real-time,Low priority: free account gate on everything.
permit_platform,Cloudpermit,850+ govs (N. America),https://us.cloudpermit.com/,All records behind login; API is contract-gated,Contract-only REST API,yes,Real-time,Skip: no anonymous path.
bid_aggregator,SAM.gov Contract Opportunities,"Federal construction solicitations, all US",https://sam.gov/search/?index=opp,Solicitations + spec attachments via open resourceLinks,"Get Opportunities Public API v2 (free key, open.gsa.gov); 1-yr date range, 1000/page",yes,Real-time,"Best free API in the space; federal projects incl. buildings (GSA, VA, USACE)."
bid_aggregator,Bonfire (Euna Supplier Network),Thousands of local agency portals,https://vendor.bonfirehub.com/preview,Per-agency portals ({agency}.bonfirehub.com/portal) list open opportunities publicly,No API; JS preview page; docs need free account,yes,Real-time,Also carries UT DFCM and WA DES from the state sheet.
bid_aggregator,OpenGov Procurement,Growing city/county network,https://procurement.opengov.com/portal/{agency},Per-agency portals publicly searchable (verified: Santa Cruz),No API,yes,Real-time,No central cross-agency search; enumerate agency slugs.
bid_aggregator,BidNet Direct (SOVRA),National regional purchasing groups,https://www.bidnetdirect.com/,Open solicitations listed by state/group,No API; 403s bots; docs need free registration,no,Real-time,Rocky Mountain E-Purchasing (CO) is part of this network.
bid_aggregator,DemandStar (Euna OpenBid),"1,400+ agencies, FL/SE-heavy",https://network.demandstar.com/,Public browse of open/awarded bids by state,No API; free basic vendor tier for docs,yes,Real-time,Rebranded Euna OpenBid.
bid_aggregator,PlanetBids,"Hundreds of agencies, CA-heavy",https://vendors.planetbids.com/,Per-agency portals (portal/{id}) browsable,No official API; undocumented JSON endpoints; JS-rendered,yes,Real-time,"Key for California local agencies (schools, cities)."
bid_aggregator,Public Purchase,"9,000+ agencies",https://www.publicpurchase.com/,Per-agency public bid pages,No API; cross-agency search is paid tier,yes,Real-time,Also carries Wyoming State Construction from the state sheet.
bid_aggregator,Ionwave (Euna),"Per-agency portals, TX/Midwest",https://www.ionwave.net/,{agency}.ionwave.net portals list current bids publicly,No API; no central directory,yes,Real-time,Enumerate agency subdomains.
bid_aggregator,Vendor Registry,TN/SE local bids - SUNSETTING,https://vendorregistry.com/,Being folded into SOVRA/BidNet,No API,yes,Winding down,Do not build on this.
bid_aggregator,Census Building Permits Survey,Aggregate stats by place/county/state,https://www.census.gov/construction/bps/,Monthly/annual permit counts + valuation (residential focus),CSV/Excel downloads; EITS API endpoints 404,yes,Monthly,"Market-sizing signal only, not project discovery."
